<?xml version="1.0" ?>
<set>
   <!-- parameter values should be set true or false unless specified otherwise -->
   <page>
      <status>
         <use>true</use>
         <display>
            <propertyServer>true</propertyServer>
            <systemConfig>true</systemConfig>
            <vnir>true</vnir>
            <swir>false</swir>
            <swirTemp>false</swirTemp>
            <rotary>false</rotary>
            <navServer>true</navServer>
            <gps>true</gps>
            <diskSpace>true</diskSpace>
            <disk2Space>false</disk2Space>
         </display>
      </status>
      <control>
         <use>true</use>
         <calibration>
            <use>true</use>
             <!-- valid values are none, withStart, withoutStart -->
            <default>none</default>
            <test>false</test>
         </calibration>
         <rotary>
            <fov>false</fov>
            <scans>false</scans>
         </rotary>
         <file>
            <save>false</save>
         </file>
      </control>
      <viewers>
         <use>true</use>
         <display>
            <eventViewer>true</eventViewer>
            <navigation>true</navigation>
            <swirWaterfall>false</swirWaterfall>
            <swirHistogram>false</swirHistogram>
            <vnirWaterfall>true</vnirWaterfall>
            <vnirHistogram>true</vnirHistogram>
            <log>true</log>
         </display>
      </viewers>
      <align>
         <use>false</use>
      </align>
      <util>
         <use>true</use>
         <magnetometerCal>
            <use>true</use>
         </magnetometerCal>
      </util>
      <config>
         <use>true</use>
         <swir>
            <!-- frame grabber values: epix, activeSilicon, none -->
            <frameGrabber>none</frameGrabber>
            <!-- valid values are airs, goodrich, xenics, raptor, none -->
            <exposure>none</exposure>
            <!-- valid values are airs, goodrich, xenics, raptor, none -->
            <rate>none</rate>
            <!-- max frame rate in HZ -->
            <maxRate>400</maxRate>
         </swir>
         <vnir>
            <!-- valid values are alliedVision, pointGrey, ximea, none -->
            <exposure>ximea</exposure>
            <!-- valid values are alliedVision, pointGrey, ximea, none -->
            <rate>ximea</rate>
            <!-- max frame rate in HZ -->
            <maxRate>400</maxRate>
         </vnir>
         <rotary>
            <use>false</use>
            <calc>false</calc>
         </rotary>
         <common>
            <use>true</use>
         </common>
         <dataSelector>
            <use>true</use>
         </dataSelector>
         <bandSelector>
            <use>true</use>	  		
         </bandSelector>   
      </config>
   </page>
</set>